mol,Cmpd Name,AUC,,,,,,,,,,,,,,,,,,,,,,,,,,,,,,,,,,,,,,,,,,,,,,,,,,,,,,,,,,,,,,,,,,,,,,,,,,,,,,,,,,,,,,,,,,,
Clc1c(C(=O)NNC(=O)c2oc([N+](=O)[O-])cc2)sc2c1cccc2,JSF-3131,15052,,,,,,,,,,,,,,,,,,,,,,,,,,,,,,,,,,,,,,,,,,,,,,,,,,,,,,,,,,,,,,,,,,,,,,,,,,,,,,,,,,,,,,,,,,,
Clc1c2c([nH]c(C(=O)NNC(=O)c3oc([N+](=O)[O-])cc3)c2)cc(Cl)c1,JSF-3266,33043,,,,,,,,,,,,,,,,,,,,,,,,,,,,,,,,,,,,,,,,,,,,,,,,,,,,,,,,,,,,,,,,,,,,,,,,,,,,,,,,,,,,,,,,,,,
Clc1c(C(=O)NNC(=O)c2oc([N+](=O)[O-])cc2)sc2c1ccc(OC)c2,JSF-3263,2592,,,,,,,,,,,,,,,,,,,,,,,,,,,,,,,,,,,,,,,,,,,,,,,,,,,,,,,,,,,,,,,,,,,,,,,,,,,,,,,,,,,,,,,,,,,
Clc1c(C(=O)NNC(=O)c2oc([N+](=O)[O-])cc2)sc2c1ccc(Cl)c2,JSF-3269,75175,,,,,,,,,,,,,,,,,,,,,,,,,,,,,,,,,,,,,,,,,,,,,,,,,,,,,,,,,,,,,,,,,,,,,,,,,,,,,,,,,,,,,,,,,,,
Brc1cc2c(Cl)c(C(=O)NNC(=O)c3oc([N+](=O)[O-])cc3)[nH]c2cc1,JSF-3271,2,,,,,,,,,,,,,,,,,,,,,,,,,,,,,,,,,,,,,,,,,,,,,,,,,,,,,,,,,,,,,,,,,,,,,,,,,,,,,,,,,,,,,,,,,,,
O=[N+]([O-])c1oc(C(=O)NNC(=O)c2[nH]c3c(c2)cc(-c2ccccc2)cc3)cc1,JSF-3347,6,,,,,,,,,,,,,,,,,,,,,,,,,,,,,,,,,,,,,,,,,,,,,,,,,,,,,,,,,,,,,,,,,,,,,,,,,,,,,,,,,,,,,,,,,,,
Clc1ccc(Oc2cc3c([nH]c(C(=O)NNC(=O)c4oc([N+](=O)[O-])cc4)c3)cc2)cc1,JSF-3346,12810,,,,,,,,,,,,,,,,,,,,,,,,,,,,,,,,,,,,,,,,,,,,,,,,,,,,,,,,,,,,,,,,,,,,,,,,,,,,,,,,,,,,,,,,,,,
S(=O)(=O)(/N=C\1/C=C2N(C)NC=C2C=C/1)CCCCF,JSF-3242,12713,,,,,,,,,,,,,,,,,,,,,,,,,,,,,,,,,,,,,,,,,,,,,,,,,,,,,,,,,,,,,,,,,,,,,,,,,,,,,,,,,,,,,,,,,,,
S(=O)(=O)(/N=C\1/C=C2N(C)NC=C2C=C/1)CCCC(F)(F)F,JSF-3243,4764,,,,,,,,,,,,,,,,,,,,,,,,,,,,,,,,,,,,,,,,,,,,,,,,,,,,,,,,,,,,,,,,,,,,,,,,,,,,,,,,,,,,,,,,,,,
O=[N+]([O-])c1oc(C(=O)NNC(=O)c2n(-c3ccccc3)c3c(c2)cccc3)cc1,JSF-3247,20,,,,,,,,,,,,,,,,,,,,,,,,,,,,,,,,,,,,,,,,,,,,,,,,,,,,,,,,,,,,,,,,,,,,,,,,,,,,,,,,,,,,,,,,,,,
O=[N+]([O-])c1oc(/C=N/Nc2nc(NC3CCCC3)nc(N3CCOCC3)n2)cc1,JSF-3249,558,,,,,,,,,,,,,,,,,,,,,,,,,,,,,,,,,,,,,,,,,,,,,,,,,,,,,,,,,,,,,,,,,,,,,,,,,,,,,,,,,,,,,,,,,,,
O=[N+]([O-])c1oc(C(=O)NNC(=O)c2cc3c(cc2)cccc3)cc1,JSF-2717,6452,,,,,,,,,,,,,,,,,,,,,,,,,,,,,,,,,,,,,,,,,,,,,,,,,,,,,,,,,,,,,,,,,,,,,,,,,,,,,,,,,,,,,,,,,,,
O=[N+]([O-])c1oc(C(=O)NNC(=O)c2oc3c(c2)cccc3)cc1,JSF-2826,2691,,,,,,,,,,,,,,,,,,,,,,,,,,,,,,,,,,,,,,,,,,,,,,,,,,,,,,,,,,,,,,,,,,,,,,,,,,,,,,,,,,,,,,,,,,,
O=[N+]([O-])c1oc(C(=O)NNC(=O)c2cc3c(cc(OC)cc3)cc2)cc1,JSF-2904,3242,,,,,,,,,,,,,,,,,,,,,,,,,,,,,,,,,,,,,,,,,,,,,,,,,,,,,,,,,,,,,,,,,,,,,,,,,,,,,,,,,,,,,,,,,,,
O=[N+]([O-])c1oc(C(=O)NNC(=O)c2ccc(COc3ccc(OCC)cc3)cc2)cc1,JSF-2718,2653,,,,,,,,,,,,,,,,,,,,,,,,,,,,,,,,,,,,,,,,,,,,,,,,,,,,,,,,,,,,,,,,,,,,,,,,,,,,,,,,,,,,,,,,,,,
S(=O)(=O)(Nc1cc2c(C)c(C(=O)OCC)[nH]c2cc1)CCCC,JSF-2948,26,,,,,,,,,,,,,,,,,,,,,,,,,,,,,,,,,,,,,,,,,,,,,,,,,,,,,,,,,,,,,,,,,,,,,,,,,,,,,,,,,,,,,,,,,,,
S(=O)(=O)(Nc1cc2c(C)c(C(=O)OCC)[nH]c2cc1)CCCCC,JSF-2959,140,,,,,,,,,,,,,,,,,,,,,,,,,,,,,,,,,,,,,,,,,,,,,,,,,,,,,,,,,,,,,,,,,,,,,,,,,,,,,,,,,,,,,,,,,,,
S(=O)(=O)(Nc1cc2c(C)c(C(=O)N)[nH]c2cc1)CCCC,JSF-2985,7884,,,,,,,,,,,,,,,,,,,,,,,,,,,,,,,,,,,,,,,,,,,,,,,,,,,,,,,,,,,,,,,,,,,,,,,,,,,,,,,,,,,,,,,,,,,
S(=O)(=O)(Nc1cc2c(C)c(C#N)[nH]c2cc1)CCCC,JSF-3005,21511,,,,,,,,,,,,,,,,,,,,,,,,,,,,,,,,,,,,,,,,,,,,,,,,,,,,,,,,,,,,,,,,,,,,,,,,,,,,,,,,,,,,,,,,,,,
FC(F)(F)c1cc2c([nH]c(C(=O)NNC(=O)c3oc([N+](=O)[O-])cc3)c2)cc1,JSF-4035,4854,,,,,,,,,,,,,,,,,,,,,,,,,,,,,,,,,,,,,,,,,,,,,,,,,,,,,,,,,,,,,,,,,,,,,,,,,,,,,,,,,,,,,,,,,,,
Clc1c2sc(C(=O)NNC(=O)c3oc([N+](=O)[O-])cc3)cc2cc(Cl)c1,JSF-4061,43466,,,,,,,,,,,,,,,,,,,,,,,,,,,,,,,,,,,,,,,,,,,,,,,,,,,,,,,,,,,,,,,,,,,,,,,,,,,,,,,,,,,,,,,,,,,
Clc1c(C(=O)NNC(=O)c2oc([N+](=O)[O-])cc2)[nH]c2c1cc(C(F)(F)F)cc2,JSF-4066,60456,,,,,,,,,,,,,,,,,,,,,,,,,,,,,,,,,,,,,,,,,,,,,,,,,,,,,,,,,,,,,,,,,,,,,,,,,,,,,,,,,,,,,,,,,,,
O=C(Nc1scc(-c2ncccc2)n1)Cc1c(C)cccc1,JSF-3204,1166,,,,,,,,,,,,,,,,,,,,,,,,,,,,,,,,,,,,,,,,,,,,,,,,,,,,,,,,,,,,,,,,,,,,,,,,,,,,,,,,,,,,,,,,,,,
Clc1cc2c([nH]c(C(=O)N3CCN(Cc4oc([N+](=O)[O-])cc4)CC3)c2)cc1,JSF-3546,6144,,,,,,,,,,,,,,,,,,,,,,,,,,,,,,,,,,,,,,,,,,,,,,,,,,,,,,,,,,,,,,,,,,,,,,,,,,,,,,,,,,,,,,,,,,,
FC(F)(F)Oc1cc2c([nH]c(C(=O)N3CCN(Cc4oc([N+](=O)[O-])cc4)CC3)c2)cc1,JSF-3638,26110,,,,,,,,,,,,,,,,,,,,,,,,,,,,,,,,,,,,,,,,,,,,,,,,,,,,,,,,,,,,,,,,,,,,,,,,,,,,,,,,,,,,,,,,,,,
Clc1c(C(=O)N2CCN(Cc3oc([N+](=O)[O-])cc3)CC2)[nH]c2c1cc(OC(F)(F)F)cc2,JSF-3639,13374,,,,,,,,,,,,,,,,,,,,,,,,,,,,,,,,,,,,,,,,,,,,,,,,,,,,,,,,,,,,,,,,,,,,,,,,,,,,,,,,,,,,,,,,,,,
Clc1ccc(C(NC(=O)c2oc([N+](=O)[O-])cc2)(C)C)cc1,JSF-3095,841,,,,,,,,,,,,,,,,,,,,,,,,,,,,,,,,,,,,,,,,,,,,,,,,,,,,,,,,,,,,,,,,,,,,,,,,,,,,,,,,,,,,,,,,,,,
O=[N+]([O-])c1oc(/C=N/Nc2nc(NCC(C)C)nc(N3CCOCC3)n2)cc1,JSF-2595,2700,,,,,,,,,,,,,,,,,,,,,,,,,,,,,,,,,,,,,,,,,,,,,,,,,,,,,,,,,,,,,,,,,,,,,,,,,,,,,,,,,,,,,,,,,,,
O=[N+]([O-])c1oc(/C=N/Nc2nc(N(C(C)C)C)nc(N3CCOCC3)n2)cc1,JSF-2683,6556,,,,,,,,,,,,,,,,,,,,,,,,,,,,,,,,,,,,,,,,,,,,,,,,,,,,,,,,,,,,,,,,,,,,,,,,,,,,,,,,,,,,,,,,,,,
O=[N+]([O-])c1oc(/C=N/Nc2nc(N(C)C3CC3)nc(N3CCOCC3)n2)cc1,JSF-2684,8747,,,,,,,,,,,,,,,,,,,,,,,,,,,,,,,,,,,,,,,,,,,,,,,,,,,,,,,,,,,,,,,,,,,,,,,,,,,,,,,,,,,,,,,,,,,
O=[N+]([O-])c1oc(/C=N/Nc2nc(N(C)C3CCC3)nc(N3CCOCC3)n2)cc1,JSF-2685,1397,,,,,,,,,,,,,,,,,,,,,,,,,,,,,,,,,,,,,,,,,,,,,,,,,,,,,,,,,,,,,,,,,,,,,,,,,,,,,,,,,,,,,,,,,,,
S(=O)(=O)(Nc1cc2c(C)c(C(=O)NC)[nH]c2cc1)CCCC,JSF-3100,768,,,,,,,,,,,,,,,,,,,,,,,,,,,,,,,,,,,,,,,,,,,,,,,,,,,,,,,,,,,,,,,,,,,,,,,,,,,,,,,,,,,,,,,,,,,
S(=O)(=O)(Nc1cc2c(C)c(C(=O)NCc3ccccc3)[nH]c2cc1)CCCC,JSF-3101,304,,,,,,,,,,,,,,,,,,,,,,,,,,,,,,,,,,,,,,,,,,,,,,,,,,,,,,,,,,,,,,,,,,,,,,,,,,,,,,,,,,,,,,,,,,,
O=[N+]([O-])c1oc(/C=N/Nc2nc(NC3(C)CC3)nc(N3C[C@@H](C)O[C@@H](C)C3)n2)cc1,JSF-3135,3086,,,,,,,,,,,,,,,,,,,,,,,,,,,,,,,,,,,,,,,,,,,,,,,,,,,,,,,,,,,,,,,,,,,,,,,,,,,,,,,,,,,,,,,,,,,
O=[N+]([O-])c1oc(/C=N/Nc2nc(NC3(C)CC3)nc(N3C[C@H](C)O[C@@H](C)C3)n2)cc1,JSF-3139,1322,,,,,,,,,,,,,,,,,,,,,,,,,,,,,,,,,,,,,,,,,,,,,,,,,,,,,,,,,,,,,,,,,,,,,,,,,,,,,,,,,,,,,,,,,,,
O=[N+]([O-])c1oc(C(=O)NNC(=O)c2[nH]c3c(c2)cccc3)cc1,JSF-2938,11518,,,,,,,,,,,,,,,,,,,,,,,,,,,,,,,,,,,,,,,,,,,,,,,,,,,,,,,,,,,,,,,,,,,,,,,,,,,,,,,,,,,,,,,,,,,
O=[N+]([O-])c1oc(C(=O)N2CCN(C(=O)c3cc4c(cc3)cccc4)CC2)cc1,JSF-3166,10,,,,,,,,,,,,,,,,,,,,,,,,,,,,,,,,,,,,,,,,,,,,,,,,,,,,,,,,,,,,,,,,,,,,,,,,,,,,,,,,,,,,,,,,,,,
O=[N+]([O-])c1oc(C(=O)NNC(=O)c2n(C)c3c(c2)cccc3)cc1,JSF-3188,4166,,,,,,,,,,,,,,,,,,,,,,,,,,,,,,,,,,,,,,,,,,,,,,,,,,,,,,,,,,,,,,,,,,,,,,,,,,,,,,,,,,,,,,,,,,,
S(=O)(=O)(Nc1cc2c(C)c(C(=O)N3CCC3)[nH]c2cc1)CCCC,JSF-3310,273,,,,,,,,,,,,,,,,,,,,,,,,,,,,,,,,,,,,,,,,,,,,,,,,,,,,,,,,,,,,,,,,,,,,,,,,,,,,,,,,,,,,,,,,,,,
S(=O)(=O)(Nc1cc2c(C)c(C#N)[nH]c2cc1)CCCCC,JSF-3341,15624,,,,,,,,,,,,,,,,,,,,,,,,,,,,,,,,,,,,,,,,,,,,,,,,,,,,,,,,,,,,,,,,,,,,,,,,,,,,,,,,,,,,,,,,,,,
O=C(Nc1scc(-c2c3c([nH]c2)cccc3)n1)Cc1ccc(C)cc1,JSF-3137,4320,,,,,,,,,,,,,,,,,,,,,,,,,,,,,,,,,,,,,,,,,,,,,,,,,,,,,,,,,,,,,,,,,,,,,,,,,,,,,,,,,,,,,,,,,,,
FC(F)(F)Oc1cc(-c2nc(NC(=O)Cc3ccc(C)cc3)sc2)ccc1,JSF-3199,2030,,,,,,,,,,,,,,,,,,,,,,,,,,,,,,,,,,,,,,,,,,,,,,,,,,,,,,,,,,,,,,,,,,,,,,,,,,,,,,,,,,,,,,,,,,,
O=[N+]([O-])c1oc(C(=O)NNC(=O)c2[nH]c3c(c2)cc(Oc2ccccc2)cc3)cc1,JSF-3345,1434,,,,,,,,,,,,,,,,,,,,,,,,,,,,,,,,,,,,,,,,,,,,,,,,,,,,,,,,,,,,,,,,,,,,,,,,,,,,,,,,,,,,,,,,,,,
Clc1ccc(-c2cc3c([nH]c(C(=O)NNC(=O)c4oc([N+](=O)[O-])cc4)c3)cc2)cc1,JSF-3348,1862,,,,,,,,,,,,,,,,,,,,,,,,,,,,,,,,,,,,,,,,,,,,,,,,,,,,,,,,,,,,,,,,,,,,,,,,,,,,,,,,,,,,,,,,,,,
Clc1cc2c([nH]c(C(=O)NNC(=O)c3oc([N+](=O)[O-])cc3)c2)cc1,JSF-3172,22446,,,,,,,,,,,,,,,,,,,,,,,,,,,,,,,,,,,,,,,,,,,,,,,,,,,,,,,,,,,,,,,,,,,,,,,,,,,,,,,,,,,,,,,,,,,
FC(F)(F)c1c(OCc2ccc(C(NC(=O)c3oc([N+](=O)[O-])cc3)(C)C)cc2)cccc1,JSF-4102,54,,,,,,,,,,,,,,,,,,,,,,,,,,,,,,,,,,,,,,,,,,,,,,,,,,,,,,,,,,,,,,,,,,,,,,,,,,,,,,,,,,,,,,,,,,,
Clc1c(OCc2ccc(C(NC(=O)c3oc([N+](=O)[O-])cc3)(C)C)cc2)cccc1,JSF-4104,136,,,,,,,,,,,,,,,,,,,,,,,,,,,,,,,,,,,,,,,,,,,,,,,,,,,,,,,,,,,,,,,,,,,,,,,,,,,,,,,,,,,,,,,,,,,
O=[N+]([O-])c1oc(C(=O)N2CCN(C(=O)c3ccc(N4CCOCC4)cc3)CC2)cc1,JSF-3905,44,,,,,,,,,,,,,,,,,,,,,,,,,,,,,,,,,,,,,,,,,,,,,,,,,,,,,,,,,,,,,,,,,,,,,,,,,,,,,,,,,,,,,,,,,,,
O=[N+]([O-])c1oc(C(=O)N2CCN(C(=O)c3ccc(N4CC[N+H](C)CC4)cc3)CC2)cc1,JSF-3906,593,,,,,,,,,,,,,,,,,,,,,,,,,,,,,,,,,,,,,,,,,,,,,,,,,,,,,,,,,,,,,,,,,,,,,,,,,,,,,,,,,,,,,,,,,,,
O=[N+]([O-])c1oc(C(=O)NC2CN(C(=O)c3[nH]c4c(c3)cccc4)CC2)cc1,JSF-3623,586,,,,,,,,,,,,,,,,,,,,,,,,,,,,,,,,,,,,,,,,,,,,,,,,,,,,,,,,,,,,,,,,,,,,,,,,,,,,,,,,,,,,,,,,,,,
O=[N+]([O-])c1oc(C(=O)N2CC(NC(=O)c3[nH]c4c(c3)cccc4)C2)cc1,JSF-3624,1892,,,,,,,,,,,,,,,,,,,,,,,,,,,,,,,,,,,,,,,,,,,,,,,,,,,,,,,,,,,,,,,,,,,,,,,,,,,,,,,,,,,,,,,,,,,
O=[N+]([O-])c1oc(C(=O)N2CC(NC(=O)c3[nH]c4c(c3)cccc4)CC2)cc1,JSF-3628,5458,,,,,,,,,,,,,,,,,,,,,,,,,,,,,,,,,,,,,,,,,,,,,,,,,,,,,,,,,,,,,,,,,,,,,,,,,,,,,,,,,,,,,,,,,,,
O=C(Nc1ncccc1)c1ncc(CCCC)cc1,JSF-2967,0,,,,,,,,,,,,,,,,,,,,,,,,,,,,,,,,,,,,,,,,,,,,,,,,,,,,,,,,,,,,,,,,,,,,,,,,,,,,,,,,,,,,,,,,,,,
S(=O)(=O)(Nc1cc2c(C)nsc2cc1)CCCCC,JSF-3057,0,,,,,,,,,,,,,,,,,,,,,,,,,,,,,,,,,,,,,,,,,,,,,,,,,,,,,,,,,,,,,,,,,,,,,,,,,,,,,,,,,,,,,,,,,,,
O=C(Nc1nc(C)ccc1)c1ncc(CCCC)cc1,JSF-3077,0,,,,,,,,,,,,,,,,,,,,,,,,,,,,,,,,,,,,,,,,,,,,,,,,,,,,,,,,,,,,,,,,,,,,,,,,,,,,,,,,,,,,,,,,,,,
O=C(Nc1oc2c(n1)cccc2)c1ncc(CCCC)cc1,JSF-4001,0,,,,,,,,,,,,,,,,,,,,,,,,,,,,,,,,,,,,,,,,,,,,,,,,,,,,,,,,,,,,,,,,,,,,,,,,,,,,,,,,,,,,,,,,,,,
O=[N+]([O-])c1oc(C(=O)NC(C)(C)c2sc3c(c2)cccc3)cc1,JSF-4008,28,,,,,,,,,,,,,,,,,,,,,,,,,,,,,,,,,,,,,,,,,,,,,,,,,,,,,,,,,,,,,,,,,,,,,,,,,,,,,,,,,,,,,,,,,,,
O=[N+]([O-])c1oc(C(=O)N2CC3(C2)CN(c2nc(Nc4ccccc4)nc(N4CCOCC4)n2)C3)cc1,JSF-4034,1512,,,,,,,,,,,,,,,,,,,,,,,,,,,,,,,,,,,,,,,,,,,,,,,,,,,,,,,,,,,,,,,,,,,,,,,,,,,,,,,,,,,,,,,,,,,
Clc1ccc(OCc2ccc(C(NC(=O)c3oc([N+](=O)[O-])cc3)(C)C)cc2)cc1,JSF-4048,34,,,,,,,,,,,,,,,,,,,,,,,,,,,,,,,,,,,,,,,,,,,,,,,,,,,,,,,,,,,,,,,,,,,,,,,,,,,,,,,,,,,,,,,,,,,
Clc1c(C(=O)Nc2cc(c(OC)cc2)-c2ccc(OC)cc2)ccc(F)c1,JSF-2911,10,,,,,,,,,,,,,,,,,,,,,,,,,,,,,,,,,,,,,,,,,,,,,,,,,,,,,,,,,,,,,,,,,,,,,,,,,,,,,,,,,,,,,,,,,,,
Clc1c(C(=O)Nc2cc(c(F)cc2)-c2ccc(F)cc2)ccc(F)c1,JSF-3295,2668,,,,,,,,,,,,,,,,,,,,,,,,,,,,,,,,,,,,,,,,,,,,,,,,,,,,,,,,,,,,,,,,,,,,,,,,,,,,,,,,,,,,,,,,,,,
Clc1n[nH]c2c1cc(NS(=O)(=O)CCCCC)cc2,JSF-3483,34840,,,,,,,,,,,,,,,,,,,,,,,,,,,,,,,,,,,,,,,,,,,,,,,,,,,,,,,,,,,,,,,,,,,,,,,,,,,,,,,,,,,,,,,,,,,
O=[N+]([O-])c1oc(/C=N/Nc2nc(Nc3ccccc3)nc(NC3CC3)n2)cc1,JSF-2401,1075,,,,,,,,,,,,,,,,,,,,,,,,,,,,,,,,,,,,,,,,,,,,,,,,,,,,,,,,,,,,,,,,,,,,,,,,,,,,,,,,,,,,,,,,,,,
O=[N+]([O-])c1oc(/C=N/Nc2nc(Nc3ccccc3)nc(NC3CCC3)n2)cc1,JSF-2402,1122,,,,,,,,,,,,,,,,,,,,,,,,,,,,,,,,,,,,,,,,,,,,,,,,,,,,,,,,,,,,,,,,,,,,,,,,,,,,,,,,,,,,,,,,,,,
O=[N+]([O-])c1sc(/C=N/Nc2nc(NC(C)C)nc(NC(C)C)n2)cc1,JSF-2277,1240,,,,,,,,,,,,,,,,,,,,,,,,,,,,,,,,,,,,,,,,,,,,,,,,,,,,,,,,,,,,,,,,,,,,,,,,,,,,,,,,,,,,,,,,,,,
S(=O)(=O)(Nc1cc2c(C)c(C(=O)NC(C)C)[nH]c2cc1)CCCCC,JSF-3350,90,,,,,,,,,,,,,,,,,,,,,,,,,,,,,,,,,,,,,,,,,,,,,,,,,,,,,,,,,,,,,,,,,,,,,,,,,,,,,,,,,,,,,,,,,,,
S(=O)(=O)(Nc1cc2c(C)c(C(=O)NCc3c(F)cccc3)[nH]c2cc1)CCCC,JSF-3452,172,,,,,,,,,,,,,,,,,,,,,,,,,,,,,,,,,,,,,,,,,,,,,,,,,,,,,,,,,,,,,,,,,,,,,,,,,,,,,,,,,,,,,,,,,,,
O=[N+]([O-])c1oc(C(=O)NC(C)(C)c2ccc(N(C)C)cc2)cc1,JSF-3969,2,,,,,,,,,,,,,,,,,,,,,,,,,,,,,,,,,,,,,,,,,,,,,,,,,,,,,,,,,,,,,,,,,,,,,,,,,,,,,,,,,,,,,,,,,,,
O=[N+]([O-])c1oc(C(=O)NC(C)(C)c2ccc(OC)cc2)cc1,JSF-3968,54,,,,,,,,,,,,,,,,,,,,,,,,,,,,,,,,,,,,,,,,,,,,,,,,,,,,,,,,,,,,,,,,,,,,,,,,,,,,,,,,,,,,,,,,,,,
FC(F)(F)Oc1ccc(C(NC(=O)c2oc([N+](=O)[O-])cc2)(C)C)cc1,JSF-3629,1568,,,,,,,,,,,,,,,,,,,,,,,,,,,,,,,,,,,,,,,,,,,,,,,,,,,,,,,,,,,,,,,,,,,,,,,,,,,,,,,,,,,,,,,,,,,
FC(F)(F)Oc1cc2c([nH]c(C(=O)N3CC(NC(=O)c4oc([N+](=O)[O-])cc4)CC3)c2)cc1,JSF-3979,1962,,,,,,,,,,,,,,,,,,,,,,,,,,,,,,,,,,,,,,,,,,,,,,,,,,,,,,,,,,,,,,,,,,,,,,,,,,,,,,,,,,,,,,,,,,,
Clc1cc2c([nH]c(C(=O)NC3CN(C(=O)c4oc([N+](=O)[O-])cc4)CC3)c2)cc1,JSF-3982,13174,,,,,,,,,,,,,,,,,,,,,,,,,,,,,,,,,,,,,,,,,,,,,,,,,,,,,,,,,,,,,,,,,,,,,,,,,,,,,,,,,,,,,,,,,,,
Clc1c(C(=O)NNC(=O)c2oc([N+](=O)[O-])cc2)[nH]c2c1cc(Cl)cc2,JSF-3380,13233,,,,,,,,,,,,,,,,,,,,,,,,,,,,,,,,,,,,,,,,,,,,,,,,,,,,,,,,,,,,,,,,,,,,,,,,,,,,,,,,,,,,,,,,,,,
S(=O)(=O)(Nc1cc2c(C)n[nH]c2cc1)CCCC,JSF-3217,23002,,,,,,,,,,,,,,,,,,,,,,,,,,,,,,,,,,,,,,,,,,,,,,,,,,,,,,,,,,,,,,,,,,,,,,,,,,,,,,,,,,,,,,,,,,,
S(=O)(=O)(Nc1cc2c(C)n[nH]c2cc1)CCCCF,JSF-3285,59322,,,,,,,,,,,,,,,,,,,,,,,,,,,,,,,,,,,,,,,,,,,,,,,,,,,,,,,,,,,,,,,,,,,,,,,,,,,,,,,,,,,,,,,,,,,
S(=O)(=O)(Nc1cc2c(C)n[nH]c2cc1)CCCCC,JSF-3286,13942,,,,,,,,,,,,,,,,,,,,,,,,,,,,,,,,,,,,,,,,,,,,,,,,,,,,,,,,,,,,,,,,,,,,,,,,,,,,,,,,,,,,,,,,,,,
Clc1n[nH]c2c1cc(NS(=O)(=O)CCCC)cc2,JSF-3336,51745,,,,,,,,,,,,,,,,,,,,,,,,,,,,,,,,,,,,,,,,,,,,,,,,,,,,,,,,,,,,,,,,,,,,,,,,,,,,,,,,,,,,,,,,,,,
FC(F)(F)c1cc(CCC2CN(C(=O)c3n4c(nc3)C=CC=C4)CCC2)ccc1,JSF-4115,42,,,,,,,,,,,,,,,,,,,,,,,,,,,,,,,,,,,,,,,,,,,,,,,,,,,,,,,,,,,,,,,,,,,,,,,,,,,,,,,,,,,,,,,,,,,
S(CC)c1ncc(CN2CCN(c3oc4c(n3)cccc4)CC2)cn1,JSF-4116,5482,,,,,,,,,,,,,,,,,,,,,,,,,,,,,,,,,,,,,,,,,,,,,,,,,,,,,,,,,,,,,,,,,,,,,,,,,,,,,,,,,,,,,,,,,,,
O=[N+]([O-])c1oc(/C=N/Nc2nc(N3CCOCC3)nc(NC3(C)CCC3)c2)cc1,JSF-4107,4847,,,,,,,,,,,,,,,,,,,,,,,,,,,,,,,,,,,,,,,,,,,,,,,,,,,,,,,,,,,,,,,,,,,,,,,,,,,,,,,,,,,,,,,,,,,
O=[N+]([O-])c1oc(/C=N/Nc2nc(N3CCOCC3)nc(NC3CC3)c2)cc1,JSF-4090,6815,,,,,,,,,,,,,,,,,,,,,,,,,,,,,,,,,,,,,,,,,,,,,,,,,,,,,,,,,,,,,,,,,,,,,,,,,,,,,,,,,,,,,,,,,,,
O=[N+]([O-])c1oc(C(=O)NC(C)(C)c2ccc(COc3ccc(OC)cc3)cc2)cc1,JSF-4086,11,,,,,,,,,,,,,,,,,,,,,,,,,,,,,,,,,,,,,,,,,,,,,,,,,,,,,,,,,,,,,,,,,,,,,,,,,,,,,,,,,,,,,,,,,,,
O=[N+]([O-])c1oc(C(=O)NC(C)(C)c2ccc(COc3c(OC)cccc3)cc2)cc1,JSF-4088,210,,,,,,,,,,,,,,,,,,,,,,,,,,,,,,,,,,,,,,,,,,,,,,,,,,,,,,,,,,,,,,,,,,,,,,,,,,,,,,,,,,,,,,,,,,,
Clc1ccc(CCC(=O)c2c(O)cc(O)cc2[O-])cc1,JSF-2495,0,,,,,,,,,,,,,,,,,,,,,,,,,,,,,,,,,,,,,,,,,,,,,,,,,,,,,,,,,,,,,,,,,,,,,,,,,,,,,,,,,,,,,,,,,,,
Clc1ccc(CCC(=O)C2C(=O)C(CCC)(CCC)C(=O)C(CCC)C2=O)cc1,JSF-2622,37243,,,,,,,,,,,,,,,,,,,,,,,,,,,,,,,,,,,,,,,,,,,,,,,,,,,,,,,,,,,,,,,,,,,,,,,,,,,,,,,,,,,,,,,,,,,
O=C(Nc1scc(-c2ncccc2)n1)Cc1cc(C)ccc1,JSF-2458,524,,,,,,,,,,,,,,,,,,,,,,,,,,,,,,,,,,,,,,,,,,,,,,,,,,,,,,,,,,,,,,,,,,,,,,,,,,,,,,,,,,,,,,,,,,,
O=C(Nc1scc(-c2ncccc2)n1)Cc1ccc(C)cc1,JSF-2459,406,,,,,,,,,,,,,,,,,,,,,,,,,,,,,,,,,,,,,,,,,,,,,,,,,,,,,,,,,,,,,,,,,,,,,,,,,,,,,,,,,,,,,,,,,,,
S(=O)(=O)(Nc1cc2c(C)c(C#N)[nH]c2cc1)CCCC(F)(F)F,JSF-3504,4826,,,,,,,,,,,,,,,,,,,,,,,,,,,,,,,,,,,,,,,,,,,,,,,,,,,,,,,,,,,,,,,,,,,,,,,,,,,,,,,,,,,,,,,,,,,
O=[N+]([O-])c1oc(/C=N/Nc2nc(Nc3ccc(N4CCCCCC4)cc3)nc(N3CCOCC3)n2)cc1,JSF-3194,14,,,,,,,,,,,,,,,,,,,,,,,,,,,,,,,,,,,,,,,,,,,,,,,,,,,,,,,,,,,,,,,,,,,,,,,,,,,,,,,,,,,,,,,,,,,
O=[N+]([O-])c1oc(/C=N/Nc2nc(N(CC)C3CCCCCC3)nc(N3CCOCC3)n2)cc1,JSF-3170,456,,,,,,,,,,,,,,,,,,,,,,,,,,,,,,,,,,,,,,,,,,,,,,,,,,,,,,,,,,,,,,,,,,,,,,,,,,,,,,,,,,,,,,,,,,,
S(=O)(=O)(Nc1cc2c(C)c(C#N)[nH]c2cc1)CCCCF,JSF-3503,29830,,,,,,,,,,,,,,,,,,,,,,,,,,,,,,,,,,,,,,,,,,,,,,,,,,,,,,,,,,,,,,,,,,,,,,,,,,,,,,,,,,,,,,,,,,,
O=[N+]([O-])c1oc(/C=N/Nc2nc(N(C(C)C)C3CCCCC3)nc(N3CCOCC3)n2)cc1,JSF-3192,66,,,,,,,,,,,,,,,,,,,,,,,,,,,,,,,,,,,,,,,,,,,,,,,,,,,,,,,,,,,,,,,,,,,,,,,,,,,,,,,,,,,,,,,,,,,
O=[N+]([O-])c1oc(C(=O)NCCNC(=O)c2ccc(COc3ccc(OCC)cc3)cc2)cc1,JSF-3391,48,,,,,,,,,,,,,,,,,,,,,,,,,,,,,,,,,,,,,,,,,,,,,,,,,,,,,,,,,,,,,,,,,,,,,,,,,,,,,,,,,,,,,,,,,,,
O=[N+]([O-])c1oc(C(=O)N2CCN(C(=O)c3ccc(COc4ccc(OCC)cc4)cc3)CCC2)cc1,JSF-3411,4,,,,,,,,,,,,,,,,,,,,,,,,,,,,,,,,,,,,,,,,,,,,,,,,,,,,,,,,,,,,,,,,,,,,,,,,,,,,,,,,,,,,,,,,,,,
O=[N+]([O-])c1oc(/C=N/Nc2nc(N3CCOCC3)nc(N3CCC3)n2)cc1,"JSF-2619 (BN 3489,3490)",50.410275,,,,,,,,,,,,,,,,,,,,,,,,,,,,,,,,,,,,,,,,,,,,,,,,,,,,,,,,,,,,,,,,,,,,,,,,,,,,,,,,,,,,,,,,,,,
O=[N+]([O-])c1oc(/C=N/Nc2nc(NC3(C)CCC3)nc(N3CCOCC3)n2)cc1,"JSF-2620 (BN 3491,3492)",56.597446,,,,,,,,,,,,,,,,,,,,,,,,,,,,,,,,,,,,,,,,,,,,,,,,,,,,,,,,,,,,,,,,,,,,,,,,,,,,,,,,,,,,,,,,,,,
O=[N+]([O-])c1oc(/C=N/Nc2nc(NC(C)C)nc(N3CCOCC3)n2)cc1,"JSF-2621 (BN 3493,3494)",51.743858,,,,,,,,,,,,,,,,,,,,,,,,,,,,,,,,,,,,,,,,,,,,,,,,,,,,,,,,,,,,,,,,,,,,,,,,,,,,,,,,,,,,,,,,,,,
O=[N+]([O-])c1oc(/C=N/Nc2nc(NC3CC3)nc(N3CCOCC3)n2)cc1,"JSF-2624 (BN 3495, 3496)",50.410275,,,,,,,,,,,,,,,,,,,,,,,,,,,,,,,,,,,,,,,,,,,,,,,,,,,,,,,,,,,,,,,,,,,,,,,,,,,,,,,,,,,,,,,,,,,
O=[N+]([O-])c1oc(C(=O)N/N=C/2\N=C(NC3CC3)NC(N3CCOCC3)=N\2)cc1,"JSF-2710 (BN 3497, 3498)",51.212273,,,,,,,,,,,,,,,,,,,,,,,,,,,,,,,,,,,,,,,,,,,,,,,,,,,,,,,,,,,,,,,,,,,,,,,,,,,,,,,,,,,,,,,,,,,
O=[N+]([O-])c1oc(C(=O)N/N=C/2\N=C(N(C(C)C)C)NC(N3CCOCC3)=N\2)cc1,"JSF-2713 (BN 3499,3500)",55.639446,,,,,,,,,,,,,,,,,,,,,,,,,,,,,,,,,,,,,,,,,,,,,,,,,,,,,,,,,,,,,,,,,,,,,,,,,,,,,,,,,,,,,,,,,,,
O=[N+]([O-])c1oc(/C=N/Nc2nc(Nc3ccccc3)nc(N3CCC3)n2)cc1,JSF-2590,319,,,,,,,,,,,,,,,,,,,,,,,,,,,,,,,,,,,,,,,,,,,,,,,,,,,,,,,,,,,,,,,,,,,,,,,,,,,,,,,,,,,,,,,,,,,
O=[N+]([O-])c1oc(/C=N/Nc2nc(Nc3ccccc3)nc(N3CCOCC3)n2)cc1,JSF-2513,4235,,,,,,,,,,,,,,,,,,,,,,,,,,,,,,,,,,,,,,,,,,,,,,,,,,,,,,,,,,,,,,,,,,,,,,,,,,,,,,,,,,,,,,,,,,,
O=[N+]([O-])c1oc(/C=N/Nc2nc(NC3(C)CC3)nc(N3CCOCC3)n2)cc1,JSF-2625,1878,,,,,,,,,,,,,,,,,,,,,,,,,,,,,,,,,,,,,,,,,,,,,,,,,,,,,,,,,,,,,,,,,,,,,,,,,,,,,,,,,,,,,,,,,,,
O=[N+]([O-])c1oc(CCNc2nc(N(C)C3CCC3)nc(N3CCOCC3)n2)cc1,JSF-2724,61,,,,,,,,,,,,,,,,,,,,,,,,,,,,,,,,,,,,,,,,,,,,,,,,,,,,,,,,,,,,,,,,,,,,,,,,,,,,,,,,,,,,,,,,,,,
O=[N+]([O-])c1oc(CCNc2nc(Nc3ccccc3)nc(N3CCOCC3)n2)cc1,JSF-2727,23,,,,,,,,,,,,,,,,,,,,,,,,,,,,,,,,,,,,,,,,,,,,,,,,,,,,,,,,,,,,,,,,,,,,,,,,,,,,,,,,,,,,,,,,,,,
Clc1c2sc(C(=O)NNC(=O)c3oc([N+](=O)[O-])cc3)cc2cc(C(F)(F)F)c1,JSF-3676,110845,,,,,,,,,,,,,,,,,,,,,,,,,,,,,,,,,,,,,,,,,,,,,,,,,,,,,,,,,,,,,,,,,,,,,,,,,,,,,,,,,,,,,,,,,,,
Fc1cc(C2=NOC(C(=O)Nc3cnc(N4CCOCC4)cc3)C2)ccc1,JSF-2635,5565,,,,,,,,,,,,,,,,,,,,,,,,,,,,,,,,,,,,,,,,,,,,,,,,,,,,,,,,,,,,,,,,,,,,,,,,,,,,,,,,,,,,,,,,,,,
S(=O)(=O)(/N=C\1/C=C2N(C)NC=C2C=C/1)CCCC,JSF-2239*,1810,,,,,,,,,,,,,,,,,,,,,,,,,,,,,,,,,,,,,,,,,,,,,,,,,,,,,,,,,,,,,,,,,,,,,,,,,,,,,,,,,,,,,,,,,,,
O=[N+]([O-])c1oc(C(=O)N2CCN(C(=O)c3[nH]c4c(c3)cccc4)CC2)cc1,JSF-3230,14,,,,,,,,,,,,,,,,,,,,,,,,,,,,,,,,,,,,,,,,,,,,,,,,,,,,,,,,,,,,,,,,,,,,,,,,,,,,,,,,,,,,,,,,,,,
Brc1c(C)c2c([nH]1)ccc(NS(=O)(=O)CCCCC)c2,JSF-3257,34,,,,,,,,,,,,,,,,,,,,,,,,,,,,,,,,,,,,,,,,,,,,,,,,,,,,,,,,,,,,,,,,,,,,,,,,,,,,,,,,,,,,,,,,,,,
O=[N+]([O-])c1oc(C(=O)NC(C)(C)c2n(C)c3c(c2)cccc3)cc1,JSF-3256,56,,,,,,,,,,,,,,,,,,,,,,,,,,,,,,,,,,,,,,,,,,,,,,,,,,,,,,,,,,,,,,,,,,,,,,,,,,,,,,,,,,,,,,,,,,,
O=[N+]([O-])c1oc(C(=O)N2CCN(C(=O)c3n(C)c4c(c3)cccc4)CC2)cc1,JSF-3267,12,,,,,,,,,,,,,,,,,,,,,,,,,,,,,,,,,,,,,,,,,,,,,,,,,,,,,,,,,,,,,,,,,,,,,,,,,,,,,,,,,,,,,,,,,,,
O=[N+]([O-])c1oc(/C=N/N=C/2\[N+H]=C(NC3(C)CC3)C=C(N3CCOCC3)N\2)cc1,JSF-3092,609,,,,,,,,,,,,,,,,,,,,,,,,,,,,,,,,,,,,,,,,,,,,,,,,,,,,,,,,,,,,,,,,,,,,,,,,,,,,,,,,,,,,,,,,,,,
O=[N+]([O-])c1oc(C(=O)NNc2nc(Nc3ccccc3)nc(Nc3ccccc3)c2)cc1,JSF-2372,163,,,,,,,,,,,,,,,,,,,,,,,,,,,,,,,,,,,,,,,,,,,,,,,,,,,,,,,,,,,,,,,,,,,,,,,,,,,,,,,,,,,,,,,,,,,
O=[N+]([O-])c1sc(/C=N/Nc2nc(Nc3ccccc3)nc(Nc3ccccc3)c2)cc1,JSF-2371,726,,,,,,,,,,,,,,,,,,,,,,,,,,,,,,,,,,,,,,,,,,,,,,,,,,,,,,,,,,,,,,,,,,,,,,,,,,,,,,,,,,,,,,,,,,,
O=[N+]([O-])c1oc(/C=N/Nc2nc(Nc3ccccc3)nc(Nc3ccccc3)c2)cc1,JSF-2332,704,,,,,,,,,,,,,,,,,,,,,,,,,,,,,,,,,,,,,,,,,,,,,,,,,,,,,,,,,,,,,,,,,,,,,,,,,,,,,,,,,,,,,,,,,,,
O=[N+]([O-])c1oc(C(=O)N/N=C\2/N=C(Nc3ccccc3)C=C(Nc3ccccc3)N/2)cc1,JSF-2247,535,,,,,,,,,,,,,,,,,,,,,,,,,,,,,,,,,,,,,,,,,,,,,,,,,,,,,,,,,,,,,,,,,,,,,,,,,,,,,,,,,,,,,,,,,,,
O=[N+]([O-])c1oc(CN=Nc2nc(Nc3ccccc3)cc(Nc3ccccc3)n2)cc1,JSF-2245,788,,,,,,,,,,,,,,,,,,,,,,,,,,,,,,,,,,,,,,,,,,,,,,,,,,,,,,,,,,,,,,,,,,,,,,,,,,,,,,,,,,,,,,,,,,,
O=[N+]([O-])c1c2nonc2c(Nc2cc(OC)ccc2)cc1,JSF-2164,596,,,,,,,,,,,,,,,,,,,,,,,,,,,,,,,,,,,,,,,,,,,,,,,,,,,,,,,,,,,,,,,,,,,,,,,,,,,,,,,,,,,,,,,,,,,
O=[N+]([O-])c1oc(CN2CCN(C(=O)c3[nH]c4c(c3)cccc4)CC2)cc1,JSF-3356,4675,,,,,,,,,,,,,,,,,,,,,,,,,,,,,,,,,,,,,,,,,,,,,,,,,,,,,,,,,,,,,,,,,,,,,,,,,,,,,,,,,,,,,,,,,,,
FC1(F)Oc2c(O1)ccc(C(NC(=O)c1oc([N+](=O)[O-])cc1)(C)C)c2,JSF-3208,756,,,,,,,,,,,,,,,,,,,,,,,,,,,,,,,,,,,,,,,,,,,,,,,,,,,,,,,,,,,,,,,,,,,,,,,,,,,,,,,,,,,,,,,,,,,
S(=O)(=O)(Nc1cc2c(C)n[nH]c2cc1)CCCC(F)(F)F,JSF-3466,28362,,,,,,,,,,,,,,,,,,,,,,,,,,,,,,,,,,,,,,,,,,,,,,,,,,,,,,,,,,,,,,,,,,,,,,,,,,,,,,,,,,,,,,,,,,,
Clc1c(C(=O)NNC(=O)c2oc([N+](=O)[O-])cc2)[nH]c2c1cc(OC(F)(F)F)cc2,JSF-3462,68710,,,,,,,,,,,,,,,,,,,,,,,,,,,,,,,,,,,,,,,,,,,,,,,,,,,,,,,,,,,,,,,,,,,,,,,,,,,,,,,,,,,,,,,,,,,
FC(F)(F)c1ccc(OCc2ccc(C(=O)N3CCN(C(=O)c4oc([N+](=O)[O-])cc4)CC3)cc2)cc1,JSF-3359,0,,,,,,,,,,,,,,,,,,,,,,,,,,,,,,,,,,,,,,,,,,,,,,,,,,,,,,,,,,,,,,,,,,,,,,,,,,,,,,,,,,,,,,,,,,,
O=[N+]([O-])c1oc(/C=N/Nc2nc(N3CCOCC3)nc(NC3(C)CC3)c2)cc1,JSF-3467,5367,,,,,,,,,,,,,,,,,,,,,,,,,,,,,,,,,,,,,,,,,,,,,,,,,,,,,,,,,,,,,,,,,,,,,,,,,,,,,,,,,,,,,,,,,,,
O=[N+]([O-])c1oc(C(=O)N2CCN(C(=O)c3ccc(COc4ccc(OCC)cc4)cc3)CC2)cc1,JSF-3367,88,,,,,,,,,,,,,,,,,,,,,,,,,,,,,,,,,,,,,,,,,,,,,,,,,,,,,,,,,,,,,,,,,,,,,,,,,,,,,,,,,,,,,,,,,,,
O=[N+]([O-])c1oc(C(=O)NNC(=O)c2sc3c(c2)cccc3)cc1,JSF-2827,1280,,,,,,,,,,,,,,,,,,,,,,,,,,,,,,,,,,,,,,,,,,,,,,,,,,,,,,,,,,,,,,,,,,,,,,,,,,,,,,,,,,,,,,,,,,,
Clc1n[nH]c2c1cc(NS(=O)(=O)CCCC(F)(F)F)cc2,JSF-3479,21989,,,,,,,,,,,,,,,,,,,,,,,,,,,,,,,,,,,,,,,,,,,,,,,,,,,,,,,,,,,,,,,,,,,,,,,,,,,,,,,,,,,,,,,,,,,
O=[N+]([O-])c1oc(/C=N/Nc2nc(N3CCOCC3)nc3n(C4CCC4)ccc23)cc1,JSF-3707,5495,,,,,,,,,,,,,,,,,,,,,,,,,,,,,,,,,,,,,,,,,,,,,,,,,,,,,,,,,,,,,,,,,,,,,,,,,,,,,,,,,,,,,,,,,,,
O=[N+]([O-])c1oc(/C=N/Nc2nc(N3CCOCC3)c3c(n(-c4ccccc4)cc3)n2)cc1,JSF-3717,356,,,,,,,,,,,,,,,,,,,,,,,,,,,,,,,,,,,,,,,,,,,,,,,,,,,,,,,,,,,,,,,,,,,,,,,,,,,,,,,,,,,,,,,,,,,
O=[N+]([O-])c1oc(/C=N/Nc2nc(N3CCOCC3)c3c([nH]c(C)c3)n2)cc1,JSF-3856,153,,,,,,,,,,,,,,,,,,,,,,,,,,,,,,,,,,,,,,,,,,,,,,,,,,,,,,,,,,,,,,,,,,,,,,,,,,,,,,,,,,,,,,,,,,,
O=[N+]([O-])c1oc(C(=O)NC(C)(C)c2cc3c(cc2)cccc3)cc1,JSF-3497,34,,,,,,,,,,,,,,,,,,,,,,,,,,,,,,,,,,,,,,,,,,,,,,,,,,,,,,,,,,,,,,,,,,,,,,,,,,,,,,,,,,,,,,,,,,,
Clc1ccc(Oc2ccc(CNC(=O)c3oc([N+](=O)[O-])cc3)cc2)cc1,JSF-3583,5500,,,,,,,,,,,,,,,,,,,,,,,,,,,,,,,,,,,,,,,,,,,,,,,,,,,,,,,,,,,,,,,,,,,,,,,,,,,,,,,,,,,,,,,,,,,
FC(F)(F)Oc1cc2c([nH]c(C(=O)NC3CN(C(=O)c4oc([N+](=O)[O-])cc4)CC3)c2)cc1,JSF-3983,10922,,,,,,,,,,,,,,,,,,,,,,,,,,,,,,,,,,,,,,,,,,,,,,,,,,,,,,,,,,,,,,,,,,,,,,,,,,,,,,,,,,,,,,,,,,,
O=[N+]([O-])c1oc(/C=N/Nc2nc(Nc3ccccc3)nc(Nc3ccccc3)n2)cc1,JSF-2019,1149,,,,,,,,,,,,,,,,,,,,,,,,,,,,,,,,,,,,,,,,,,,,,,,,,,,,,,,,,,,,,,,,,,,,,,,,,,,,,,,,,,,,,,,,,,,
O=[N+]([O-])c1oc(/C=N/Nc2nc(NC(C)C)nc(NC(C)C)n2)cc1,JSF-2032,1082,,,,,,,,,,,,,,,,,,,,,,,,,,,,,,,,,,,,,,,,,,,,,,,,,,,,,,,,,,,,,,,,,,,,,,,,,,,,,,,,,,,,,,,,,,,
O=[N+]([O-])c1oc(C(=O)N/N=C/2\N=C(Nc3ccccc3)NC(Nc3ccccc3)=N\2)cc1,JSF-2111,172,,,,,,,,,,,,,,,,,,,,,,,,,,,,,,,,,,,,,,,,,,,,,,,,,,,,,,,,,,,,,,,,,,,,,,,,,,,,,,,,,,,,,,,,,,,
O=[N+]([O-])c1oc(C(=O)N/N=C/2\N=C(NC(C)C)NC(NC(C)C)=N\2)cc1,JSF-2144,1633,,,,,,,,,,,,,,,,,,,,,,,,,,,,,,,,,,,,,,,,,,,,,,,,,,,,,,,,,,,,,,,,,,,,,,,,,,,,,,,,,,,,,,,,,,,
O=[N+]([O-])c1oc(C(=O)N/N=C/2\N=C(N3CCOCC3)NC(N3CCOCC3)=N\2)cc1,JSF-2249,625,,,,,,,,,,,,,,,,,,,,,,,,,,,,,,,,,,,,,,,,,,,,,,,,,,,,,,,,,,,,,,,,,,,,,,,,,,,,,,,,,,,,,,,,,,,
O=[N+]([O-])c1oc(C(=O)N/N=C/2\N=C(Nc3ccccc3)NC(N3CCOCC3)=N\2)cc1,JSF-2252,440,,,,,,,,,,,,,,,,,,,,,,,,,,,,,,,,,,,,,,,,,,,,,,,,,,,,,,,,,,,,,,,,,,,,,,,,,,,,,,,,,,,,,,,,,,,
FC(F)(F)Oc1cc2c([nH]c(C(=O)NNC(=O)c3oc([N+](=O)[O-])cc3)c2)cc1,JSF-3127,6976,,,,,,,,,,,,,,,,,,,,,,,,,,,,,,,,,,,,,,,,,,,,,,,,,,,,,,,,,,,,,,,,,,,,,,,,,,,,,,,,,,,,,,,,,,,
Clc1c(C(=O)Nc2cc(N3CCC(C)CC3)c(OC)cc2)ccc(F)c1,,0,,,,,,,,,,,,,,,,,,,,,,,,,,,,,,,,,,,,,,,,,,,,,,,,,,,,,,,,,,,,,,,,,,,,,,,,,,,,,,,,,,,,,,,,,,,
Clc1c(C(=O)Nc2cc(N3CCC(F)CC3)c(OC)cc2)ccc(F)c1,,90.5,,,,,,,,,,,,,,,,,,,,,,,,,,,,,,,,,,,,,,,,,,,,,,,,,,,,,,,,,,,,,,,,,,,,,,,,,,,,,,,,,,,,,,,,,,,
Clc1c(C(=O)Nc2cc(N3CCSCC3)c(OC)cc2)ccc(F)c1,,73.5,,,,,,,,,,,,,,,,,,,,,,,,,,,,,,,,,,,,,,,,,,,,,,,,,,,,,,,,,,,,,,,,,,,,,,,,,,,,,,,,,,,,,,,,,,,
Clc1cc2oc(N3CCN(Cc4cnc(SCC)nc4)CC3)nc2cc1,,41675,,,,,,,,,,,,,,,,,,,,,,,,,,,,,,,,,,,,,,,,,,,,,,,,,,,,,,,,,,,,,,,,,,,,,,,,,,,,,,,,,,,,,,,,,,,
S(CC)c1ncc(CN2CCN(c3oc4c(n3)cc(F)c(F)c4)CC2)cn1,,29700.5,,,,,,,,,,,,,,,,,,,,,,,,,,,,,,,,,,,,,,,,,,,,,,,,,,,,,,,,,,,,,,,,,,,,,,,,,,,,,,,,,,,,,,,,,,,
S(CC)c1ncc(CN2CCN(c3oc4c(n3)cc(C(F)(F)F)cc4)CC2)cn1,,27456.5,,,,,,,,,,,,,,,,,,,,,,,,,,,,,,,,,,,,,,,,,,,,,,,,,,,,,,,,,,,,,,,,,,,,,,,,,,,,,,,,,,,,,,,,,,,
S(CC)c1ncc(CN2CCN(c3oc4c(n3)ccc(C)c4)CC2)cn1,,16269,,,,,,,,,,,,,,,,,,,,,,,,,,,,,,,,,,,,,,,,,,,,,,,,,,,,,,,,,,,,,,,,,,,,,,,,,,,,,,,,,,,,,,,,,,,
S(CC)c1ncc(CN2CCN(c3oc4c(n3)cc(OC)cc4)CC2)cn1,,7970,,,,,,,,,,,,,,,,,,,,,,,,,,,,,,,,,,,,,,,,,,,,,,,,,,,,,,,,,,,,,,,,,,,,,,,,,,,,,,,,,,,,,,,,,,,
Clc1c(C(=O)Nc2cc(c(OC)cc2)C2=CCCCC2)ccc(F)c1,,6,,,,,,,,,,,,,,,,,,,,,,,,,,,,,,,,,,,,,,,,,,,,,,,,,,,,,,,,,,,,,,,,,,,,,,,,,,,,,,,,,,,,,,,,,,,
Clc1c(C(=O)Nc2cc(c(OC)cc2)C2CCCCC2)ccc(F)c1,,7.5,,,,,,,,,,,,,,,,,,,,,,,,,,,,,,,,,,,,,,,,,,,,,,,,,,,,,,,,,,,,,,,,,,,,,,,,,,,,,,,,,,,,,,,,,,,
O=C(NNC(=O)c1cc2c(cc1)cccc2)c1nccnc1,,1036,,,,,,,,,,,,,,,,,,,,,,,,,,,,,,,,,,,,,,,,,,,,,,,,,,,,,,,,,,,,,,,,,,,,,,,,,,,,,,,,,,,,,,,,,,,
O=C(Nc1ncccc1)c1nccnc1,,57.5,,,,,,,,,,,,,,,,,,,,,,,,,,,,,,,,,,,,,,,,,,,,,,,,,,,,,,,,,,,,,,,,,,,,,,,,,,,,,,,,,,,,,,,,,,,
O=C(Nc1nccc2c1cccc2)c1nccnc1,,38,,,,,,,,,,,,,,,,,,,,,,,,,,,,,,,,,,,,,,,,,,,,,,,,,,,,,,,,,,,,,,,,,,,,,,,,,,,,,,,,,,,,,,,,,,,
O=C(Nc1ncc(C)cc1)c1nccnc1,,20.5,,,,,,,,,,,,,,,,,,,,,,,,,,,,,,,,,,,,,,,,,,,,,,,,,,,,,,,,,,,,,,,,,,,,,,,,,,,,,,,,,,,,,,,,,,,
O=C(Nc1nccc(C)c1)c1nccnc1,,26,,,,,,,,,,,,,,,,,,,,,,,,,,,,,,,,,,,,,,,,,,,,,,,,,,,,,,,,,,,,,,,,,,,,,,,,,,,,,,,,,,,,,,,,,,,
O=C(Nc1sc2c(n1)cccc2)c1nccnc1,,10,,,,,,,,,,,,,,,,,,,,,,,,,,,,,,,,,,,,,,,,,,,,,,,,,,,,,,,,,,,,,,,,,,,,,,,,,,,,,,,,,,,,,,,,,,,
O=C(Nc1oc2c(n1)cccc2)c1nccnc1,,1.5,,,,,,,,,,,,,,,,,,,,,,,,,,,,,,,,,,,,,,,,,,,,,,,,,,,,,,,,,,,,,,,,,,,,,,,,,,,,,,,,,,,,,,,,,,,
O=C(Nc1c2c(ccnc2)ccc1)c1nccnc1,,16,,,,,,,,,,,,,,,,,,,,,,,,,,,,,,,,,,,,,,,,,,,,,,,,,,,,,,,,,,,,,,,,,,,,,,,,,,,,,,,,,,,,,,,,,,,
O=C(Nc1c2c(cnc1)cccc2)c1nccnc1,,19.5,,,,,,,,,,,,,,,,,,,,,,,,,,,,,,,,,,,,,,,,,,,,,,,,,,,,,,,,,,,,,,,,,,,,,,,,,,,,,,,,,,,,,,,,,,,
O=C(Nc1c2c(nccc2)ccc1)c1nccnc1,,4,,,,,,,,,,,,,,,,,,,,,,,,,,,,,,,,,,,,,,,,,,,,,,,,,,,,,,,,,,,,,,,,,,,,,,,,,,,,,,,,,,,,,,,,,,,
O=C(Nc1c2c(cnnc2)ccc1)c1nccnc1,,0,,,,,,,,,,,,,,,,,,,,,,,,,,,,,,,,,,,,,,,,,,,,,,,,,,,,,,,,,,,,,,,,,,,,,,,,,,,,,,,,,,,,,,,,,,,
O=C(Nc1c2c(ncc1)cccc2)c1nccnc1,,0,,,,,,,,,,,,,,,,,,,,,,,,,,,,,,,,,,,,,,,,,,,,,,,,,,,,,,,,,,,,,,,,,,,,,,,,,,,,,,,,,,,,,,,,,,,
O=[N+]([O-])c1oc(C=NNc2nc(N3CCOCC3)c3c(n(C4CC4)cc3)n2)cc1,,893,,,,,,,,,,,,,,,,,,,,,,,,,,,,,,,,,,,,,,,,,,,,,,,,,,,,,,,,,,,,,,,,,,,,,,,,,,,,,,,,,,,,,,,,,,,
S(=O)(=O)(Nc1cc2c(C)c(C(=O)N3CCCC3)[nH]c2cc1)CCCC,3478,36,,,,,,,,,,,,,,,,,,,,,,,,,,,,,,,,,,,,,,,,,,,,,,,,,,,,,,,,,,,,,,,,,,,,,,,,,,,,,,,,,,,,,,,,,,,
Clc1c(C(CN2C(=O)C(C(=O)O)=CC=C2)c2c3c([nH]c2)cccc3)cccc1,4439,5441,,,,,,,,,,,,,,,,,,,,,,,,,,,,,,,,,,,,,,,,,,,,,,,,,,,,,,,,,,,,,,,,,,,,,,,,,,,,,,,,,,,,,,,,,,,
Clc1c(C(=O)Nc2cc(c(OC)cc2)C2=CCC(C(=O)NC)CC2)ccc(F)c1,4536,9946,,,,,,,,,,,,,,,,,,,,,,,,,,,,,,,,,,,,,,,,,,,,,,,,,,,,,,,,,,,,,,,,,,,,,,,,,,,,,,,,,,,,,,,,,,,
Clc1c(C(=O)Nc2cc(c(OC)cc2)C2=CCC(OC)CC2)ccc(F)c1,4546,62,,,,,,,,,,,,,,,,,,,,,,,,,,,,,,,,,,,,,,,,,,,,,,,,,,,,,,,,,,,,,,,,,,,,,,,,,,,,,,,,,,,,,,,,,,,
S(=O)(=O)(CCC)N1Cc2c(C)n[nH]c2CC1,4556,27429,,,,,,,,,,,,,,,,,,,,,,,,,,,,,,,,,,,,,,,,,,,,,,,,,,,,,,,,,,,,,,,,,,,,,,,,,,,,,,,,,,,,,,,,,,,
Clc1c(C(=O)NNC(=O)c2nccnc2)[nH]c2c1cc(OC(F)(F)F)cc2,4561,15838,,,,,,,,,,,,,,,,,,,,,,,,,,,,,,,,,,,,,,,,,,,,,,,,,,,,,,,,,,,,,,,,,,,,,,,,,,,,,,,,,,,,,,,,,,,
S(=O)(=O)(CCCC)N1Cc2c(C)n[nH]c2CC1,4616,3488,,,,,,,,,,,,,,,,,,,,,,,,,,,,,,,,,,,,,,,,,,,,,,,,,,,,,,,,,,,,,,,,,,,,,,,,,,,,,,,,,,,,,,,,,,,
S(=O)(=O)(Nc1cc2c(C)c(C(=O)N3CC(c4ccccc4)C3)[nH]c2cc1)CCCC,4623,1030,,,,,,,,,,,,,,,,,,,,,,,,,,,,,,,,,,,,,,,,,,,,,,,,,,,,,,,,,,,,,,,,,,,,,,,,,,,,,,,,,,,,,,,,,,,
S(=O)(=O)(Nc1cc2c(C)c(C(=O)N3CC4(C3)COC4)[nH]c2cc1)CCCC,4624,1486,,,,,,,,,,,,,,,,,,,,,,,,,,,,,,,,,,,,,,,,,,,,,,,,,,,,,,,,,,,,,,,,,,,,,,,,,,,,,,,,,,,,,,,,,,,
S(=O)(=O)(Nc1cc2c(C)c(C(=O)N3CC4(COC4)CC3)[nH]c2cc1)CCCC,4626,3436,,,,,,,,,,,,,,,,,,,,,,,,,,,,,,,,,,,,,,,,,,,,,,,,,,,,,,,,,,,,,,,,,,,,,,,,,,,,,,,,,,,,,,,,,,,
,4627,992,,,,,,,,,,,,,,,,,,,,,,,,,,,,,,,,,,,,,,,,,,,,,,,,,,,,,,,,,,,,,,,,,,,,,,,,,,,,,,,,,,,,,,,,,,,
S(=O)(=O)(Nc1cc2c(C)c(C(=O)N3CC4(C3)CCCCC4)[nH]c2cc1)CCCC,4651,8,,,,,,,,,,,,,,,,,,,,,,,,,,,,,,,,,,,,,,,,,,,,,,,,,,,,,,,,,,,,,,,,,,,,,,,,,,,,,,,,,,,,,,,,,,,
Clc1c(C(=O)Nc2cc(c(OC)cc2)C2=CCC(C(=O)NCc3ccccc3)CC2)ccc(F)c1,4652,166,,,,,,,,,,,,,,,,,,,,,,,,,,,,,,,,,,,,,,,,,,,,,,,,,,,,,,,,,,,,,,,,,,,,,,,,,,,,,,,,,,,,,,,,,,,
S(=O)(=O)(Nc1cc2c(C)c(C(=O)N3CC(=C)C3)[nH]c2cc1)CCCC,4655,74,,,,,,,,,,,,,,,,,,,,,,,,,,,,,,,,,,,,,,,,,,,,,,,,,,,,,,,,,,,,,,,,,,,,,,,,,,,,,,,,,,,,,,,,,,,
S(=O)(=O)(Nc1cc2c(C)c(C(=O)N3CC(F)CC3)[nH]c2cc1)CCCC,4656,337,,,,,,,,,,,,,,,,,,,,,,,,,,,,,,,,,,,,,,,,,,,,,,,,,,,,,,,,,,,,,,,,,,,,,,,,,,,,,,,,,,,,,,,,,,,
Clc1c(C(=O)Nc2cc(c(OC)cc2)C2=CCC(C(=O)NCCCC)CC2)ccc(F)c1,4663,3656,,,,,,,,,,,,,,,,,,,,,,,,,,,,,,,,,,,,,,,,,,,,,,,,,,,,,,,,,,,,,,,,,,,,,,,,,,,,,,,,,,,,,,,,,,,
Clc1c(C(=O)Nc2cc(c(OC)cc2)C2=CCC(C(=O)NCCO)CC2)ccc(F)c1,4668,8194,,,,,,,,,,,,,,,,,,,,,,,,,,,,,,,,,,,,,,,,,,,,,,,,,,,,,,,,,,,,,,,,,,,,,,,,,,,,,,,,,,,,,,,,,,,
Clc1c(C(=O)Nc2cc(c(OC)cc2)C2=CCC(C(=O)NC3CC3)CC2)ccc(F)c1,4669,9360,,,,,,,,,,,,,,,,,,,,,,,,,,,,,,,,,,,,,,,,,,,,,,,,,,,,,,,,,,,,,,,,,,,,,,,,,,,,,,,,,,,,,,,,,,,
Clc1c(C(=O)Nc2cc(c(OC)cc2)C2=CCC(C(=O)NCC)CC2)ccc(F)c1,4674,8039,,,,,,,,,,,,,,,,,,,,,,,,,,,,,,,,,,,,,,,,,,,,,,,,,,,,,,,,,,,,,,,,,,,,,,,,,,,,,,,,,,,,,,,,,,,
Clc1c(C(=O)Nc2cc(c(F)cc2)C2=CCC(C(=O)NC)CC2)ccc(F)c1,4694,5967,,,,,,,,,,,,,,,,,,,,,,,,,,,,,,,,,,,,,,,,,,,,,,,,,,,,,,,,,,,,,,,,,,,,,,,,,,,,,,,,,,,,,,,,,,,
Clc1c(C(=O)Nc2cc(c(F)cc2)C2=CCC(C(=O)NCCO)CC2)ccc(F)c1,4696,6893,,,,,,,,,,,,,,,,,,,,,,,,,,,,,,,,,,,,,,,,,,,,,,,,,,,,,,,,,,,,,,,,,,,,,,,,,,,,,,,,,,,,,,,,,,,
S(=O)(=O)(Nc1cc2c(C)c(C(=O)N3CC4(C3)CCSCC4)[nH]c2cc1)CCCC,4700,102,,,,,,,,,,,,,,,,,,,,,,,,,,,,,,,,,,,,,,,,,,,,,,,,,,,,,,,,,,,,,,,,,,,,,,,,,,,,,,,,,,,,,,,,,,,
S(=O)(=O)(Nc1nc2[nH]ncc2cn1)CCCCF,4710,168,,,,,,,,,,,,,,,,,,,,,,,,,,,,,,,,,,,,,,,,,,,,,,,,,,,,,,,,,,,,,,,,,,,,,,,,,,,,,,,,,,,,,,,,,,,
Clc1c(C(=O)Nc2cc(c(OC)cc2)C2=CCC(C(=O)NCCC)CC2)ccc(F)c1,4715,4559,,,,,,,,,,,,,,,,,,,,,,,,,,,,,,,,,,,,,,,,,,,,,,,,,,,,,,,,,,,,,,,,,,,,,,,,,,,,,,,,,,,,,,,,,,,
Clc1c(C(=O)Nc2cc(c(OC)cc2)C2=CCC(C(=O)NCCOCc3ccccc3)CC2)ccc(F)c1,4784,128,,,,,,,,,,,,,,,,,,,,,,,,,,,,,,,,,,,,,,,,,,,,,,,,,,,,,,,,,,,,,,,,,,,,,,,,,,,,,,,,,,,,,,,,,,,
Clc1c(C(=O)Nc2cc(c(OC)cc2)C2=CCC(C(=O)NCCOC)CC2)ccc(F)c1,4785,2901,,,,,,,,,,,,,,,,,,,,,,,,,,,,,,,,,,,,,,,,,,,,,,,,,,,,,,,,,,,,,,,,,,,,,,,,,,,,,,,,,,,,,,,,,,,